[
    {
        "topic": "Solids, liquids & gases",
        "link": "https://cdn.savemyexams.com/pdfs/P-BQ5r_1aM_RlF7o.pdf"
    },
    {
        "topic": "Atomic Structure & the Periodic Table",
        "link": "https://cdn.savemyexams.com/pdfs/Y2ei70Y03m8xb.pdf"
    },
    {
        "topic": "Stoichiometry",
        "link": "https://cdn.savemyexams.com/uploads/2020/05/CIE-IGCSE-Chemistry-4-RN.pdf"
    },
    {
        "topic": "Electrochemistry",
        "link": "https://cdn.savemyexams.com/pdfs/Iz5P-SjFAE2HI8T.pdf"
    },
    {
        "topic": "Chemical energetics",
        "link": "https://cdn.savemyexams.com/uploads/2020/05/CIE-IGCSE-Chemistry-6-RN.pdf"
    },
    {
        "topic": "Redox",
        "link": "https://cdn.savemyexams.com/pdfs/5IzVVGWAQAiPemIr.pdf"
    },
    {
        "topic": "Reversible reactions",
        "link": "https://cdn.savemyexams.com/pdfs/Q6QdZt0pyWGlCAbA.pdf"
    },
    {
        "topic": "Acids, Bases & Salts",
        "link": "https://cdn.savemyexams.com/uploads/2020/05/CIE-IGCSE-Chemistry-8-RN.pdf"
    },
    {
        "topic": "Periodic table",
        "link": "https://cdn.savemyexams.com/pdfs/Y2ei70Y03m8xb.pdf"
    },
    {
        "topic": "Group Properties & Trends",
        "link": "https://cdn.savemyexams.com/pdfs/~uMqpY6u5sP6hqr~.pdf"
    },
    {
        "topic": "Properties, Uses & Alloys of Metals",
        "link": "https://cdn.savemyexams.com/pdfs/9kUS_-LeRczZApoJ.pdf"
    },
    {
        "topic": "Reactivity Series & Corrosion of Metals",
        "link": "https://cdn.savemyexams.com/pdfs/3cs2Q10ofKwnmR7U.pdf"
    },
    {
        "topic": "Extraction of Metals",
        "link": "https://cdn.savemyexams.com/pdfs/vDGVe.pdf"
    },
    {
        "topic": "Water & Water Pollution",
        "link": "https://cdn.savemyexams.com/pdfs/uCqNAcoSoC3gkInn.pdf"
    }
]